[
  {
    "timestamp": "2025-10-22T09:17:36.427827Z",
    "ciudad": "Nueva York",
    "clima": {
      "temperatura_actual": 13.7,
      "pronostico_7_dias": [
        {
          "fecha": "2025-10-22",
          "temp_max": 16.7,
          "temp_min": 10.9,
          "precipitacion": 89
        },
        {
          "fecha": "2025-10-23",
          "temp_max": 14.6,
          "temp_min": 7.5,
          "precipitacion": 3
        },
        {
          "fecha": "2025-10-24",
          "temp_max": 14.8,
          "temp_min": 7.3,
          "precipitacion": 5
        },
        {
          "fecha": "2025-10-25",
          "temp_max": 13.6,
          "temp_min": 7.9,
          "precipitacion": 2
        },
        {
          "fecha": "2025-10-26",
          "temp_max": 13.8,
          "temp_min": 7.6,
          "precipitacion": 2
        },
        {
          "fecha": "2025-10-27",
          "temp_max": 11.5,
          "temp_min": 5.8,
          "precipitacion": 5
        },
        {
          "fecha": "2025-10-28",
          "temp_max": 13.0,
          "temp_min": 6.4,
          "precipitacion": 13
        }
      ],
      "precipitacion": 0.0,
      "viento": 2.1,
      "uv": 0.0
    },
    "finanzas": {
      "tipo_cambio_actual": 1,
      "variacion_diaria": -0.19,
      "tendencia_5_dias": "estable"
    },
    "alertas": [],
    "ivv_score": 100.0,
    "nivel_riesgo": "BAJO",
    "componentes_ivv": {
      "clima_score": 100,
      "cambio_score": 100,
      "uv_score": 100
    }
  },
  {
    "timestamp": "2025-10-22T09:17:40.256743Z",
    "ciudad": "Londres",
    "clima": {
      "temperatura_actual": 11.2,
      "pronostico_7_dias": [
        {
          "fecha": "2025-10-22",
          "temp_max": 14.8,
          "temp_min": 9.3,
          "precipitacion": 93
        },
        {
          "fecha": "2025-10-23",
          "temp_max": 11.8,
          "temp_min": 8.5,
          "precipitacion": 95
        },
        {
          "fecha": "2025-10-24",
          "temp_max": 12.2,
          "temp_min": 6.2,
          "precipitacion": 35
        },
        {
          "fecha": "2025-10-25",
          "temp_max": 10.6,
          "temp_min": 6.1,
          "precipitacion": 16
        },
        {
          "fecha": "2025-10-26",
          "temp_max": 10.8,
          "temp_min": 4.4,
          "precipitacion": 26
        },
        {
          "fecha": "2025-10-27",
          "temp_max": 12.6,
          "temp_min": 7.3,
          "precipitacion": 39
        },
        {
          "fecha": "2025-10-28",
          "temp_max": 13.7,
          "temp_min": 9.5,
          "precipitacion": 16
        }
      ],
      "precipitacion": 0.0,
      "viento": 6.4,
      "uv": 1.15
    },
    "finanzas": {
      "tipo_cambio_actual": 0.748,
      "variacion_diaria": -0.47,
      "tendencia_5_dias": "estable"
    },
    "alertas": [],
    "ivv_score": 100.0,
    "nivel_riesgo": "BAJO",
    "componentes_ivv": {
      "clima_score": 100,
      "cambio_score": 100,
      "uv_score": 100
    }
  },
  {
    "timestamp": "2025-10-22T09:17:43.782508Z",
    "ciudad": "Tokio",
    "clima": {
      "temperatura_actual": 11.1,
      "pronostico_7_dias": [
        {
          "fecha": "2025-10-22",
          "temp_max": 13.8,
          "temp_min": 10.9,
          "precipitacion": 100
        },
        {
          "fecha": "2025-10-23",
          "temp_max": 17.5,
          "temp_min": 10.7,
          "precipitacion": 45
        },
        {
          "fecha": "2025-10-24",
          "temp_max": 19.0,
          "temp_min": 11.9,
          "precipitacion": 20
        },
        {
          "fecha": "2025-10-25",
          "temp_max": 17.6,
          "temp_min": 13.1,
          "precipitacion": 48
        },
        {
          "fecha": "2025-10-26",
          "temp_max": 16.5,
          "temp_min": 13.2,
          "precipitacion": 83
        },
        {
          "fecha": "2025-10-27",
          "temp_max": 21.6,
          "temp_min": 11.0,
          "precipitacion": 41
        },
        {
          "fecha": "2025-10-28",
          "temp_max": 19.3,
          "temp_min": 12.9,
          "precipitacion": 0
        }
      ],
      "precipitacion": 0.1,
      "viento": 4.0,
      "uv": 0.0
    },
    "finanzas": {
      "tipo_cambio_actual": 151.51,
      "variacion_diaria": -2.71,
      "tendencia_5_dias": "estable"
    },
    "alertas": [],
    "ivv_score": 100.0,
    "nivel_riesgo": "BAJO",
    "componentes_ivv": {
      "clima_score": 100,
      "cambio_score": 100,
      "uv_score": 100
    }
  },
  {
    "timestamp": "2025-10-22T09:17:48.043859Z",
    "ciudad": "São Paulo",
    "clima": {
      "temperatura_actual": 11.8,
      "pronostico_7_dias": [
        {
          "fecha": "2025-10-22",
          "temp_max": 23.1,
          "temp_min": 11.5,
          "precipitacion": 0
        },
        {
          "fecha": "2025-10-23",
          "temp_max": 24.5,
          "temp_min": 12.2,
          "precipitacion": 0
        },
        {
          "fecha": "2025-10-24",
          "temp_max": 25.7,
          "temp_min": 13.2,
          "precipitacion": 0
        },
        {
          "fecha": "2025-10-25",
          "temp_max": 28.7,
          "temp_min": 14.1,
          "precipitacion": 0
        },
        {
          "fecha": "2025-10-26",
          "temp_max": 31.4,
          "temp_min": 16.4,
          "precipitacion": 11
        },
        {
          "fecha": "2025-10-27",
          "temp_max": 30.3,
          "temp_min": 19.4,
          "precipitacion": 73
        },
        {
          "fecha": "2025-10-28",
          "temp_max": 33.1,
          "temp_min": 19.7,
          "precipitacion": 71
        }
      ],
      "precipitacion": 0.0,
      "viento": 5.0,
      "uv": 0.25
    },
    "finanzas": {
      "tipo_cambio_actual": 5.38,
      "variacion_diaria": 0.45,
      "tendencia_5_dias": "estable"
    },
    "alertas": [],
    "ivv_score": 100.0,
    "nivel_riesgo": "BAJO",
    "componentes_ivv": {
      "clima_score": 100,
      "cambio_score": 100,
      "uv_score": 100
    }
  },
  {
    "timestamp": "2025-10-22T09:17:52.350389Z",
    "ciudad": "Sídney",
    "clima": {
      "temperatura_actual": 26.5,
      "pronostico_7_dias": [
        {
          "fecha": "2025-10-22",
          "temp_max": 38.9,
          "temp_min": 17.2,
          "precipitacion": 3
        },
        {
          "fecha": "2025-10-23",
          "temp_max": 22.0,
          "temp_min": 15.0,
          "precipitacion": 0
        },
        {
          "fecha": "2025-10-24",
          "temp_max": 26.4,
          "temp_min": 13.6,
          "precipitacion": 0
        },
        {
          "fecha": "2025-10-25",
          "temp_max": 25.7,
          "temp_min": 14.7,
          "precipitacion": 13
        },
        {
          "fecha": "2025-10-26",
          "temp_max": 25.9,
          "temp_min": 17.5,
          "precipitacion": 33
        },
        {
          "fecha": "2025-10-27",
          "temp_max": 22.7,
          "temp_min": 12.6,
          "precipitacion": 35
        },
        {
          "fecha": "2025-10-28",
          "temp_max": 15.9,
          "temp_min": 9.7,
          "precipitacion": 45
        }
      ],
      "precipitacion": 0.0,
      "viento": 14.5,
      "uv": 0.0
    },
    "finanzas": {
      "tipo_cambio_actual": 1.54,
      "variacion_diaria": -2.74,
      "tendencia_5_dias": "estable"
    },
    "alertas": [],
    "ivv_score": 100.0,
    "nivel_riesgo": "BAJO",
    "componentes_ivv": {
      "clima_score": 100,
      "cambio_score": 100,
      "uv_score": 100
    }
  }
]